Cluster 1_R,Cluster 1_G,Cluster 1_B,Cluster 2_R,Cluster 2_G,Cluster 2_B,Cluster 3_R,Cluster 3_G,Cluster 3_B,Cluster 4_R,Cluster 4_G,Cluster 4_B,Cluster 5_R,Cluster 5_G,Cluster 5_B,Cluster 6_R,Cluster 6_G,Cluster 6_B
167,146,136,204,190,177,107,82,73,185,170,158,143,120,110,208,203,191
153,131,120,207,191,178,124,97,87,179,159,146,195,178,164,208,203,192
210,200,189,143,121,110,185,168,155,114,88,82,167,146,135,203,187,174
209,201,190,148,121,111,170,147,137,188,169,156,118,87,78,207,188,174
205,188,174,167,144,133,208,201,189,187,168,155,118,92,82,141,118,109
211,193,185,111,91,83,249,244,237,155,140,132,188,167,159,224,215,210
207,189,181,91,73,66,250,243,237,133,116,110,175,158,149,223,216,209
224,209,205,153,121,118,178,152,153,122,81,74,205,184,182,247,234,230
138,81,69,173,121,113,125,65,53,153,104,90,182,135,129,107,53,46
148,96,83,126,68,53,183,130,127,113,58,45,163,110,103,133,82,64
206,184,181,224,209,204,130,90,87,180,153,152,249,235,229,155,124,120
207,186,182,122,82,74,156,124,120,224,209,205,183,156,154,249,235,230
206,183,180,152,117,112,222,207,204,119,77,69,179,151,150,243,227,222
179,151,152,224,209,204,124,82,75,206,184,182,153,120,118,248,233,229
96,78,74,116,102,102,83,57,53,129,100,98,127,111,116,109,89,86
183,164,165,129,108,102,211,201,203,73,55,49,196,184,186,157,139,139
213,204,204,148,131,135,170,156,156,119,97,93,194,175,171,201,189,192
119,100,98,101,82,79,129,113,115,94,72,66,110,92,91,115,105,110
217,211,211,200,164,152,166,149,149,188,183,183,151,117,110,206,199,194
99,81,78,119,105,103,133,103,101,111,94,93,122,109,116,96,70,63
107,87,84,132,101,99,116,101,100,94,77,73,128,111,117,117,107,108
224,202,191,242,238,234,130,96,79,177,156,141,229,217,209,202,184,170
208,187,175,243,237,233,181,164,151,226,202,192,230,217,209,143,119,105
243,237,233,208,187,176,182,161,150,228,201,191,230,216,209,124,105,91
208,184,173,243,238,232,123,104,93,178,157,147,231,217,210,226,202,192
242,238,234,220,198,187,198,179,166,164,144,130,228,208,198,231,219,211
205,185,173,243,238,234,229,217,209,176,155,143,224,202,191,129,103,88
204,183,171,243,237,233,230,216,209,132,102,86,178,157,144,225,201,191
107,71,58,144,114,100,134,98,81,61,20,7,161,136,124,176,158,151
165,138,127,111,82,73,127,99,90,149,121,111,73,46,40,178,148,136
166,139,126,80,56,51,133,105,98,150,123,113,114,87,80,176,149,135
130,90,79,166,135,115,110,73,62,147,113,100,96,50,37,126,104,86
146,119,101,171,147,130,119,82,65,154,127,110,93,50,33,140,108,93
162,135,122,114,85,75,141,104,91,87,64,48,153,121,108,140,88,74
170,139,124,122,96,84,142,120,108,98,72,59,161,134,120,145,109,98
187,154,154,217,204,212,200,174,176,153,130,130,209,191,196,121,93,89
230,214,219,175,156,159,231,240,251,248,230,236,127,116,123,208,190,196
235,221,227,213,194,199,180,152,151,235,240,248,135,120,126,163,161,175
230,241,251,189,171,176,232,220,226,159,140,141,217,197,202,249,233,239
214,193,196,247,228,233,165,144,144,233,241,250,227,215,221,185,168,174
232,241,250,145,106,100,225,213,219,175,151,152,247,229,234,207,186,189
231,241,252,180,162,166,226,217,224,247,232,239,158,131,127,210,193,198
249,231,236,184,163,166,229,216,223,212,192,197,161,132,130,230,241,251
190,185,179,224,225,225,125,115,109,207,207,207,180,173,169,164,153,148
214,216,213,162,153,149,110,90,85,223,228,224,196,192,187,230,239,235
137,120,110,217,212,208,193,192,188,224,229,229,164,164,160,197,215,215
219,211,206,169,155,149,90,92,92,223,225,227,203,198,198,192,175,170
167,157,151,226,233,229,196,197,193,88,79,72,135,144,139,215,219,215
220,217,215,119,113,111,198,183,175,225,229,232,169,163,160,213,204,197
223,225,226,138,162,149,207,208,208,188,186,182,118,116,108,166,160,154
200,180,182,130,109,109,186,158,157,86,64,64,213,204,209,164,138,137
103,82,82,192,168,169,217,204,213,145,124,125,204,186,191,176,148,146
131,111,112,202,185,189,91,71,70,189,165,165,216,204,212,163,141,142
141,121,121,204,187,191,89,70,70,176,148,145,216,206,210,192,169,168
215,204,212,164,139,138,87,64,64,187,161,161,202,183,186,131,111,112
214,203,211,84,60,60,183,158,158,200,181,185,159,134,132,124,103,104
178,170,165,111,99,92,79,60,51,208,196,191,143,132,124,56,33,24
77,60,54,207,197,196,135,121,118,177,170,169,157,145,143,111,95,92
51,39,37,178,169,167,126,115,113,208,197,195,152,142,139,93,79,76
73,55,48,166,159,156,140,129,123,217,205,201,111,100,94,195,183,178
168,157,150,220,205,199,79,60,51,112,98,89,200,182,174,139,127,119
199,186,181,111,98,92,139,128,121,220,209,204,69,55,47,170,158,152
196,186,182,108,94,87,133,125,118,73,56,48,221,209,205,163,158,153
145,122,117,65,47,40,101,80,72,168,162,164,158,138,135,128,103,95
157,136,126,179,160,151,100,79,71,55,36,26,131,107,99,74,52,42
131,108,101,55,40,33,182,166,159,95,76,68,157,134,126,178,154,144
152,126,117,98,79,70,189,168,165,127,105,96,70,49,39,170,148,142
193,170,165,95,75,67,151,126,120,56,42,38,127,105,98,170,150,144
145,121,115,72,51,43,184,163,160,98,78,70,127,103,95,166,139,133
164,143,138,66,47,39,126,103,96,186,165,163,146,123,117,99,78,70
136,120,113,71,53,44,93,76,67,37,24,18,164,145,132,114,98,89
132,110,95,110,84,69,167,141,121,78,53,41,48,27,18,94,67,52
51,33,24,126,104,88,109,82,67,175,152,127,87,62,49,154,130,111
107,90,80,87,70,61,164,145,132,40,27,21,135,119,111,65,50,43
127,105,91,91,64,50,177,151,128,72,45,33,110,83,67,155,131,114
98,82,73,83,64,54,120,104,95,58,41,33,140,125,117,166,146,132
71,54,46,136,121,113,95,77,67,164,145,132,42,29,23,114,98,90
210,214,213,113,107,104,229,236,237,172,165,163,143,138,136,191,191,189
166,153,148,229,234,234,96,85,81,206,209,207,134,124,120,185,181,178
191,188,186,106,98,96,229,234,235,209,211,211,172,161,158,147,134,130
229,234,234,133,117,111,181,175,172,88,74,71,206,207,206,160,144,138
206,208,206,134,121,118,184,178,176,164,150,146,229,234,234,103,82,77
201,204,202,133,113,109,227,232,233,160,142,138,179,171,168,95,74,70
210,213,212,142,130,126,190,188,186,172,159,156,110,89,82,229,236,237
112,105,112,146,140,147,96,82,87,79,58,61,128,124,132,172,161,168
190,194,200,145,130,132,176,177,183,202,207,213,121,104,105,162,157,162
192,197,203,166,161,164,139,117,117,203,208,214,178,181,187,154,139,140
120,114,121,90,72,76,171,161,166,102,92,98,140,135,142,77,55,57
205,209,215,163,153,156,176,174,180,130,114,115,193,199,205,183,187,194
173,162,168,103,92,97,121,114,122,78,53,57,91,73,77,141,135,143
79,55,58,126,121,130,172,161,167,97,81,85,111,103,110,145,138,146
188,170,161,109,82,77,178,108,92,226,196,180,193,145,130,152,128,121
88,77,82,248,240,236,221,198,195,188,174,176,139,134,140,230,223,221
247,239,236,141,131,134,188,171,172,229,222,220,218,197,194,94,78,77
226,197,181,182,111,94,166,137,129,185,173,167,124,94,89,202,159,141
247,239,235,134,128,132,219,196,193,179,170,173,88,79,79,227,221,220
200,178,166,156,130,123,183,114,97,230,200,184,187,154,141,119,91,86
196,175,165,155,127,121,119,89,82,187,151,138,183,114,97,228,198,182
194,180,191,113,89,86,220,209,224,134,120,124,178,163,172,159,142,150
214,195,208,183,161,169,120,98,103,156,139,146,201,181,191,223,210,228
205,191,200,175,150,156,193,169,176,223,207,222,153,133,141,131,106,115
220,209,224,181,167,176,140,122,125,197,182,193,164,146,153,107,91,94
118,86,90,223,208,225,196,172,180,176,151,158,209,192,204,153,124,129
193,180,191,149,125,127,219,209,224,179,162,171,166,143,149,113,89,86
131,109,107,207,196,209,173,158,168,222,212,227,160,136,142,191,177,187
203,188,175,172,146,131,124,100,84,148,120,103,218,201,186,197,167,150
215,202,189,131,119,104,187,161,141,207,191,176,198,177,160,172,144,123
208,191,176,185,159,142,133,116,103,199,175,161,170,142,123,216,203,189
201,178,161,111,98,87,177,155,142,215,198,182,132,119,110,164,137,121
201,182,168,126,104,91,189,158,143,160,137,123,88,68,58,213,199,185
196,165,148,127,107,94,214,199,186,164,146,134,100,79,67,202,185,172
164,140,126,212,198,184,124,102,88,201,178,163,87,68,54,186,157,141
176,145,123,48,35,12,210,172,152,154,118,94,230,195,173,90,64,36
207,166,135,94,53,25,255,220,192,177,139,111,243,204,173,219,178,147
208,165,133,88,45,13,250,212,180,171,131,98,135,89,56,220,178,145
179,159,132,178,143,115,120,75,45,217,193,166,144,121,92,202,169,141
142,98,69,235,196,167,197,156,127,169,129,101,210,171,142,254,219,190
235,199,179,92,75,48,188,141,123,154,125,104,201,168,145,172,144,119
75,55,28,178,147,125,231,197,175,134,113,86,213,179,158,170,127,107
203,200,210,62,50,55,168,159,168,133,132,143,79,79,91,106,102,116
177,179,192,62,56,68,152,149,162,119,118,129,91,87,99,36,24,36
85,90,96,145,153,161,57,59,65,119,123,131,24,28,33,171,182,189
113,108,114,44,31,36,156,151,157,23,8,11,88,76,80,56,46,47
56,46,47,156,151,157,114,107,114,21,12,15,37,32,39,87,76,80
80,66,66,120,114,118,114,107,114,21,12,15,37,32,39,87,76,80
156,150,154,89,75,75,40,33,40,88,96,107,25,10,15,108,102,104
216,203,199,158,120,114,57,36,32,189,152,147,203,181,176,105,79,76
215,201,195,153,117,112,62,38,36,184,147,142,200,175,170,104,76,73
204,182,176,148,114,108,190,159,154,171,136,131,218,202,198,107,77,71
142,115,112,205,184,179,92,70,67,174,140,136,218,203,199,191,162,158
189,157,152,124,102,99,165,132,127,80,58,55,217,203,198,204,182,176
201,176,170,148,118,112,214,201,197,71,52,47,182,150,145,106,85,82
216,203,200,164,129,124,74,49,45,189,158,153,204,183,178,127,98,93
213,230,240,162,154,152,71,68,71,194,201,207,180,179,182,121,112,111
154,146,145,212,229,238,191,198,203,119,108,107,176,172,172,76,67,67
151,132,125,197,205,213,99,90,91,214,231,241,170,163,161,184,187,190
185,188,191,214,231,240,86,86,89,197,205,213,139,137,138,168,165,165
193,200,206,115,111,113,157,151,151,213,230,240,74,64,64,178,177,179
155,146,144,192,198,204,74,64,63,213,229,239,175,174,175,113,107,109
159,154,153,213,230,240,72,65,66,194,201,207,116,112,113,177,181,185
120,115,115,60,56,56,167,166,168,91,85,85,144,141,141,32,27,28
168,161,159,93,88,89,125,117,117,55,50,51,153,143,141,181,173,171
179,170,169,111,103,102,81,75,74,161,150,150,33,33,34,135,123,122
100,95,94,169,169,171,128,123,123,42,40,40,153,149,151,70,66,66
181,173,171,98,84,85,51,46,47,153,141,139,167,159,158,126,115,116
170,170,173,122,117,116,60,56,56,142,138,138,98,92,91,159,157,158
168,168,171,79,75,75,131,126,126,48,45,46,152,149,151,108,103,103
206,188,178,183,161,152,143,118,111,95,69,61,237,220,214,228,206,194
230,206,194,116,93,85,189,166,156,153,132,124,208,190,180,237,220,213
236,217,209,166,145,136,220,197,187,196,174,164,59,23,14,127,107,100
220,198,188,166,146,138,198,175,165,236,218,210,106,81,74,139,115,105
218,197,187,82,57,48,124,102,93,169,143,131,196,174,162,236,217,209
237,217,209,140,117,110,173,153,144,93,67,60,219,199,189,199,178,168
112,87,78,216,196,185,191,168,158,236,217,209,72,45,36,153,130,122
163,149,154,101,89,92,205,186,188,72,58,59,194,166,165,135,125,130
130,107,100,229,202,195,194,165,158,92,72,64,210,184,178,172,143,134
186,158,152,232,204,199,164,132,123,217,187,182,126,100,91,207,172,163
137,123,124,205,184,185,47,33,32,88,70,68,167,150,152,110,92,93
181,151,142,93,74,70,226,192,180,150,125,118,205,173,164,118,99,93
153,135,139,201,182,184,113,99,102,182,161,161,213,193,194,79,69,70
209,189,191,141,124,126,164,149,154,102,85,87,194,171,171,71,51,53
158,156,158,177,185,190,91,106,119,188,194,207,135,134,136,170,173,177
187,174,183,150,135,132,99,86,85,141,120,115,163,150,150,124,106,100
86,73,71,155,141,140,138,119,115,184,172,174,113,94,89,56,41,37
188,191,198,99,100,104,160,154,153,60,60,61,134,130,131,174,176,179
140,122,116,91,78,72,187,174,182,117,99,92,58,40,34,158,145,144
172,179,184,93,87,84,171,157,157,187,194,204,148,148,150,118,125,130
49,48,53,170,176,181,114,113,115,186,192,202,151,150,151,81,77,76
184,175,168,157,122,110,162,150,143,116,88,79,197,195,189,134,122,118
191,158,137,107,74,58,157,116,100,170,131,114,183,144,126,138,101,84
181,146,127,105,70,57,155,112,94,192,158,140,168,130,113,139,95,80
186,182,175,117,92,85,205,180,167,178,160,149,155,132,122,200,197,191
137,95,78,190,158,137,167,127,112,103,70,59,181,142,125,150,108,91
145,118,108,184,168,159,116,85,75,201,197,191,165,146,137,192,185,178
201,197,190,177,164,155,107,85,78,190,182,175,139,114,105,161,141,132
212,222,219,65,63,50,153,159,151,183,192,187,201,210,206,114,117,108
186,191,184,38,38,34,126,132,126,204,220,215,83,84,79,156,163,155
182,190,181,102,104,99,204,219,215,69,66,60,146,152,145,33,28,23
185,191,187,74,82,66,152,157,150,114,117,108,208,215,213,50,50,40
203,219,214,101,102,96,144,150,142,70,75,70,183,187,179,38,39,30
194,204,200,102,107,95,58,57,50,168,174,169,210,220,217,135,140,132
187,195,191,95,104,88,160,166,161,207,217,213,64,70,56,128,134,125
185,164,150,81,67,54,130,106,92,50,36,24,209,189,178,158,138,125
45,29,11,170,148,130,101,84,65,139,118,99,194,175,158,75,58,39
193,170,153,85,68,48,137,119,101,53,40,23,168,146,127,105,91,72
190,169,155,73,59,44,144,119,106,165,145,131,114,94,78,212,193,181
63,47,34,190,168,154,140,116,102,109,90,77,209,195,182,162,144,132
140,114,100,159,139,127,66,52,39,209,189,178,187,165,151,104,86,73
143,116,101,211,192,181,64,50,37,162,143,131,109,89,75,190,167,153
185,164,168,112,89,94,45,23,27,139,116,122,165,143,148,82,53,59
189,173,184,80,52,59,155,137,143,177,159,169,106,82,87,127,108,112
187,168,175,75,52,59,128,108,116,160,138,145,47,26,36,105,80,88
64,44,47,156,134,139,126,107,110,185,162,165,34,13,18,97,75,79
96,60,59,175,145,142,144,113,111,119,81,79,192,164,164,72,39,40
188,167,171,131,109,115,64,30,36,105,82,86,77,52,57,167,144,149
192,169,172,124,92,94,177,154,150,140,111,112,106,71,74,161,130,130
156,149,140,175,201,210,201,211,209,189,184,176,84,89,93,210,227,229
139,138,138,211,203,205,171,163,159,206,219,229,202,183,176,181,203,207
123,126,126,202,202,202,156,155,155,206,218,224,200,183,175,201,162,144
160,142,138,198,213,216,192,196,195,211,227,232,129,100,94,187,172,167
178,166,163,205,220,229,206,188,180,140,124,120,199,157,137,208,206,208
211,229,231,157,151,145,180,184,181,104,103,108,190,203,204,206,218,220
192,205,205,155,146,135,200,217,220,185,183,176,211,228,230,97,95,93
181,155,147,131,88,82,216,207,201,158,127,121,199,185,179,114,56,52
105,68,57,120,90,77,81,45,37,91,59,50,114,80,68,129,98,86
119,89,75,89,53,43,98,64,53,128,97,83,110,77,63,77,42,36
173,140,133,114,58,53,240,212,202,199,175,168,137,91,86,214,204,198
117,83,72,72,36,28,92,59,50,105,69,58,83,47,39,125,95,82
170,134,128,134,90,85,210,195,189,108,56,52,195,164,158,221,211,206
174,138,132,126,72,68,219,205,199,200,172,166,137,97,92,105,47,43
217,182,169,109,64,39,245,232,224,174,132,110,197,155,133,146,103,80
168,133,118,98,67,57,138,105,91,186,155,139,215,186,172,65,34,24
150,110,93,198,166,149,84,46,30,174,141,123,226,197,185,130,88,70
248,230,222,151,104,81,218,185,171,109,66,47,177,132,110,202,156,134
191,159,144,62,31,21,104,70,57,168,133,118,243,214,199,138,103,88
245,236,228,211,169,150,146,102,78,183,140,117,232,207,197,116,68,43
245,232,224,194,152,130,120,77,52,219,181,165,158,115,90,94,49,24
189,169,157,129,109,100,83,67,59,229,213,206,159,142,133,212,190,178
103,83,75,192,170,160,166,148,140,65,40,29,135,116,108,207,189,179
199,172,156,165,144,132,108,89,82,173,163,160,208,188,179,139,121,113
191,170,157,77,54,43,124,102,92,161,143,134,234,215,207,215,192,179
123,101,93,179,162,156,82,59,52,198,175,161,161,138,128,210,191,180
158,144,136,77,55,44,185,167,157,210,186,174,227,208,200,122,105,97
223,204,194,126,112,106,194,174,163,100,78,67,66,48,39,159,145,138
77,68,72,130,126,133,42,38,37,115,105,111,91,86,93,63,53,55
139,135,143,75,62,61,119,104,106,94,79,79,134,122,127,144,146,156
45,38,39,140,138,148,114,108,114,81,70,69,96,84,86,68,54,54
90,81,84,27,23,20,131,125,132,111,104,110,46,41,40,70,60,62
143,142,151,77,65,65,129,124,130,53,39,38,94,81,82,116,102,106
118,108,115,51,45,45,80,68,71,34,29,28,131,127,134,100,94,102
94,82,86,47,42,42,130,126,133,74,62,64,31,28,27,116,104,110
178,144,120,213,182,168,126,91,70,90,58,42,155,121,98,193,162,142
133,97,76,204,173,155,163,129,107,185,152,129,222,193,178,99,66,47
223,191,176,155,123,100,203,171,152,122,90,68,181,149,124,89,58,36
215,184,168,111,77,57,176,140,117,147,110,88,80,46,28,196,162,141
208,177,161,144,110,86,89,51,35,186,154,132,167,134,109,120,85,65
193,162,141,92,54,36,152,118,95,219,188,173,176,141,117,122,89,66
186,154,132,135,104,81,212,181,166,110,77,57,165,130,107,74,49,25
178,152,141,118,97,88,138,115,103,82,66,59,155,128,115,167,140,128
187,167,163,236,229,230,159,136,131,89,60,55,214,197,193,128,102,97
163,141,140,237,230,232,85,56,54,130,102,99,194,171,168,216,201,200
121,98,87,173,146,135,75,56,51,157,131,120,98,75,67,142,116,103
206,191,191,104,77,74,229,215,214,147,125,122,238,233,236,178,162,161
167,139,125,98,69,58,128,102,91,150,124,114,180,152,142,70,48,40
153,124,111,72,57,50,167,139,127,99,77,68,180,152,142,126,102,92
189,137,125,228,216,212,149,110,100,219,194,186,97,60,51,206,168,158
143,114,106,224,202,195,175,144,135,229,218,214,203,179,170,94,74,69
227,216,212,153,134,129,213,192,183,173,106,93,191,158,149,116,77,70
228,218,213,160,109,97,219,199,192,190,137,128,92,73,60,203,173,166
219,203,197,152,104,92,205,179,169,89,54,46,177,144,134,229,218,214
232,220,217,151,119,109,186,154,144,94,74,63,212,183,175,224,205,199
206,173,164,152,120,111,229,217,213,193,144,132,221,197,190,87,73,64
145,140,139,193,193,199,84,68,64,166,162,166,126,119,116,107,93,89
157,137,135,197,192,195,184,174,175,172,156,154,207,208,216,132,113,110
167,148,145,191,182,183,205,206,212,117,101,97,178,164,162,152,131,128
196,192,199,83,68,62,149,140,140,169,162,165,108,95,90,128,121,118
192,183,185,164,144,142,177,164,163,145,122,119,207,206,214,105,87,84
199,199,208,120,111,108,96,81,76,161,156,159,142,134,132,186,184,187
166,162,166,108,94,90,148,139,139,127,120,118,194,193,199,87,70,65
205,182,171,103,75,63,230,205,194,135,105,93,188,162,151,165,135,124
189,163,154,103,72,61,232,206,194,208,183,174,165,136,126,139,105,93
186,161,151,162,134,123,231,205,193,205,182,171,98,70,59,132,104,92
172,144,134,210,186,175,109,80,69,232,207,195,193,168,156,148,117,107
185,159,150,134,99,86,232,205,194,160,131,121,205,182,172,98,69,56
208,184,173,139,106,94,188,163,153,231,206,195,165,135,125,106,74,62
152,121,110,231,206,194,124,89,77,193,168,157,174,145,135,210,185,174
200,187,186,89,76,73,66,44,38,134,118,116,165,148,147,113,98,95
93,77,78,58,43,43,71,55,58,41,27,29,123,107,107,111,92,91
44,30,27,86,74,73,60,50,49,96,83,81,117,97,96,73,61,60
130,112,107,184,169,169,92,76,71,212,194,189,158,141,139,62,45,38
72,57,60,61,46,48,100,84,84,126,110,110,48,34,36,91,75,76
163,145,142,76,56,50,212,196,194,141,123,121,114,95,90,183,170,170
73,52,45,148,131,129,191,181,181,119,101,96,212,198,195,172,157,156
207,190,187,89,62,57,166,142,138,221,207,202,146,118,113,187,167,164
152,133,131,106,81,77,171,155,150,132,109,106,86,57,52,182,170,163
133,109,107,182,165,163,111,80,77,152,132,133,169,150,148,88,56,51
173,148,144,81,54,45,218,200,198,154,121,115,103,78,71,193,172,168
170,153,148,138,111,108,96,65,60,153,131,129,121,92,87,181,169,163
206,194,190,96,76,72,179,159,155,152,131,127,193,177,175,225,210,205
152,126,121,197,180,178,85,49,39,218,205,200,180,159,155,110,86,81
53,45,68,79,72,100,63,59,85,61,51,75,89,80,106,70,62,88
64,54,79,53,44,71,61,49,73,66,60,86,56,42,67,57,44,70
66,53,79,55,44,70,50,32,56,69,59,86,63,47,73,68,55,83
87,81,107,58,49,73,61,58,84,46,36,59,80,73,99,69,61,87
152,143,157,80,70,88,111,103,120,97,87,100,132,121,136,64,59,78
42,40,70,82,73,99,61,56,82,88,80,108,73,65,92,54,47,73
43,39,66,76,72,101,59,54,78,67,61,87,88,80,108,55,46,72
193,178,169,165,149,139,121,92,67,214,199,192,135,118,105,87,62,47
167,150,128,135,116,97,180,163,146,102,86,72,156,134,108,204,191,173
155,134,106,107,89,71,179,163,144,203,190,173,134,114,92,166,149,128
170,148,135,220,205,195,133,108,95,57,46,42,188,172,164,206,189,180
161,140,115,125,103,84,201,188,170,97,78,62,173,157,138,145,126,103
214,199,191,106,81,57,167,149,137,193,178,169,134,112,95,87,59,38
163,144,131,219,205,197,97,69,47,186,172,163,128,105,86,206,189,182
116,103,109,152,146,148,72,48,49,91,71,76,105,86,93,130,125,132
85,70,79,53,42,55,66,55,71,69,53,60,47,34,43,77,59,65
67,56,60,55,38,42,82,67,71,75,57,58,88,74,76,56,46,51
51,36,35,37,22,21,23,3,2,62,45,46,44,27,27,32,16,15
55,43,55,87,72,79,69,53,62,71,58,71,56,37,41,80,68,81
53,37,38,29,15,14,46,31,32,71,52,54,35,23,23,61,43,44
33,21,20,61,43,44,27,14,12,41,27,28,50,35,35,70,51,53
167,116,93,57,36,27,146,103,83,192,139,111,94,66,54,127,81,64
117,88,74,68,38,25,135,81,57,156,103,78,108,58,40,87,67,58
99,53,35,155,101,74,129,73,48,124,91,73,74,43,32,97,74,63
152,108,87,93,65,53,198,148,121,54,34,26,176,124,100,123,88,74
70,38,28,141,90,66,95,55,42,158,105,79,129,71,47,110,85,72
112,79,67,164,115,93,51,30,23,187,135,107,81,54,44,141,102,83
172,121,97,57,34,26,152,106,85,195,144,116,126,85,70,95,65,54
116,104,97,65,53,50,134,125,119,81,71,67,45,30,25,104,93,88
74,53,48,143,135,133,96,81,76,129,120,117,159,150,148,110,101,99
131,120,117,100,86,81,74,58,51,116,104,100,159,149,147,144,135,133
82,64,59,118,101,96,58,39,34,141,129,127,104,89,84,130,119,116
102,85,80,159,150,149,133,122,121,75,58,54,143,135,134,120,107,104
107,94,88,137,127,122,50,36,32,70,60,57,122,110,104,93,80,75
135,125,120,83,70,66,107,94,88,51,36,30,122,108,102,68,55,50
146,127,99,86,61,42,185,163,142,112,89,67,163,136,109,130,113,89
185,164,135,122,99,67,159,138,110,201,178,152,151,131,102,174,153,123
178,160,127,117,83,55,192,171,140,155,138,105,205,183,152,136,110,80
161,137,113,126,108,87,111,87,65,144,125,102,185,163,140,93,67,44
151,128,103,114,90,68,91,63,42,167,142,117,130,111,89,204,184,160
151,130,102,103,83,62,172,149,124,130,114,89,91,63,42,117,99,77
124,107,83,162,136,108,88,62,43,192,170,148,141,124,97,106,85,65
184,190,188,103,101,95,63,51,44,211,220,221,166,164,159,140,137,132
185,190,188,70,65,59,145,137,132,211,220,222,166,165,160,108,105,100
211,221,221,149,143,137,184,191,188,88,91,86,167,166,160,118,118,111
90,92,84,190,197,196,158,156,152,128,127,123,214,222,224,174,177,173
208,221,223,140,136,131,105,103,98,165,164,158,183,190,188,64,57,51
72,65,57,166,163,158,210,221,222,138,137,132,183,190,188,103,103,98
141,135,130,184,190,188,62,52,45,167,163,159,101,100,95,211,221,221
134,101,88,157,126,110,107,72,54,61,35,22,81,59,50,106,84,79
159,130,113,67,38,25,107,83,72,135,112,101,87,59,48,178,143,126
126,103,87,76,45,32,181,153,132,106,78,65,161,131,122,144,117,105
129,91,75,186,142,120,83,49,28,164,124,104,119,76,57,149,109,93
147,107,88,80,53,42,166,128,104,108,90,78,128,97,80,105,73,60
166,131,115,88,64,52,130,99,87,110,85,77,60,42,26,148,115,102
145,111,97,95,67,55,130,98,87,70,57,37,157,127,111,108,86,80
200,230,247,81,98,103,134,153,161,186,191,210,192,214,229,154,198,212
59,50,56,113,114,125,131,133,146,80,79,89,148,152,165,101,98,107
109,102,116,143,138,150,128,125,139,81,76,91,152,151,166,65,50,59
200,226,240,123,145,161,166,199,215,76,90,98,65,107,130,161,164,172
139,139,151,98,92,100,132,125,136,76,67,76,112,110,120,150,156,168
160,193,216,98,117,128,121,144,157,52,64,67,143,170,189,73,93,95
133,155,169,64,86,94,164,203,230,149,181,200,113,127,140,38,47,49
45,30,23,180,181,194,99,91,91,128,126,128,69,59,55,153,149,157
79,81,91,131,144,167,56,51,57,147,163,192,98,104,117,118,127,146
100,105,116,144,164,191,64,60,72,83,85,97,131,144,167,116,127,145
148,142,146,56,43,39,108,100,99,186,183,196,78,68,65,41,21,17
97,101,113,129,141,164,60,57,64,146,162,190,114,123,141,81,81,91
40,23,16,158,152,160,94,85,87,186,182,195,62,49,45,130,124,128
175,173,184,55,40,34,106,97,99,81,66,63,37,17,11,141,137,141
156,134,145,203,183,186,176,174,195,132,95,98,171,156,168,217,211,218
175,159,169,150,117,119,128,85,84,215,205,210,181,175,194,163,141,149
164,142,151,215,202,208,178,161,171,131,87,84,179,176,195,147,118,125
147,132,145,170,169,192,142,98,92,217,208,217,194,178,185,175,154,162
174,157,166,203,185,189,156,135,146,129,102,111,177,173,194,220,211,220
164,146,159,180,165,175,122,84,84,211,204,210,144,121,130,177,175,197
176,160,171,138,113,121,213,202,207,179,176,195,160,139,149,127,81,77
141,143,142,98,79,73,84,57,48,156,176,181,115,104,100,66,39,31
52,36,26,98,87,83,119,137,134,76,66,59,104,108,103,64,50,38
68,54,43,100,112,105,55,39,29,119,138,130,106,92,85,81,76,68
83,59,51,151,150,152,125,116,113,63,40,32,100,82,75,161,182,185
80,70,64,65,51,40,102,92,88,120,137,134,111,111,107,53,36,25
81,60,52,158,180,184,102,83,78,117,114,113,68,40,31,144,149,152
96,79,73,157,177,182,62,38,30,116,105,101,143,144,145,83,56,47
219,224,226,130,119,122,174,165,168,65,48,50,225,243,248,192,195,203
136,104,102,157,136,142,78,68,68,184,160,169,43,32,32,114,106,113
133,114,115,40,30,29,176,153,160,112,95,94,76,63,60,152,135,140
223,235,237,73,60,63,149,144,144,201,202,205,121,111,112,168,175,182
118,91,89,162,140,148,72,61,61,187,163,174,146,124,129,120,108,114
188,194,200,121,108,112,211,219,226,61,54,60,163,153,156,229,244,247
129,124,128,222,235,239,68,61,67,202,201,205,172,177,187,174,153,148
166,153,140,200,197,189,61,50,40,96,88,79,135,124,111,191,175,161
112,90,78,179,148,138,63,40,27,95,68,53,155,131,121,129,108,96
172,141,127,126,106,88,160,130,112,143,114,98,113,88,69,189,155,147
201,197,188,133,121,108,190,175,160,63,55,45,168,150,135,96,86,75
110,87,76,187,151,141,161,134,124,94,65,51,142,116,104,124,101,90
201,198,190,79,67,56,156,149,138,123,115,105,200,177,160,179,177,170
200,197,189,128,117,104,156,148,137,185,175,164,95,83,73,62,55,45
129,126,127,88,78,80,174,171,173,151,148,150,98,94,95,54,49,51
53,44,50,159,149,153,97,88,92,192,182,184,73,65,73,123,114,119
192,182,184,86,77,82,163,154,156,120,109,110,61,54,59,143,132,133
156,150,148,66,58,59,129,119,119,97,88,89,173,171,169,145,134,133
187,177,180,59,55,63,134,129,135,107,98,103,163,154,158,204,192,194
61,52,54,140,136,138,94,86,87,122,113,114,43,32,36,159,157,160
72,66,68,140,136,138,51,47,49,100,95,95,167,166,168,29,24,28
185,172,169,142,123,115,217,207,207,166,149,143,133,98,85,201,189,188
154,144,146,110,90,88,74,52,48,198,189,195,137,122,121,170,160,165
135,114,113,167,159,163,81,59,56,196,183,193,109,90,89,147,140,142
106,82,76,194,181,177,139,119,111,213,201,198,171,154,147,220,211,210
148,136,137,94,77,76,124,109,107,68,48,45,193,182,188,167,158,163
196,186,186,119,94,85,159,131,120,217,207,207,186,166,160,214,189,183
169,148,140,217,207,207,123,90,76,184,172,168,203,189,187,144,119,109
93,79,82,183,160,163,163,137,140,41,34,34,199,186,191,130,104,108
195,180,182,80,63,64,147,129,132,173,155,159,33,21,22,113,97,99
197,181,188,116,100,103,150,132,136,73,57,56,166,150,155,182,167,172
142,118,121,167,144,147,32,25,24,204,187,191,102,86,89,185,164,168
165,148,152,79,63,65,192,177,181,31,23,24,127,115,119,104,85,88
79,66,68,174,151,153,150,121,124,200,182,185,44,38,39,115,93,95
202,186,192,155,122,125,55,43,45,169,146,149,109,93,95,186,164,168
185,161,150,217,203,191,108,77,66,203,185,173,133,104,94,164,134,122
118,100,94,74,50,45,101,76,70,58,35,28,112,90,83,85,62,56
92,66,59,113,91,84,121,102,95,103,78,70,78,54,46,67,42,35
212,195,182,162,132,118,123,99,88,186,160,146,226,207,196,201,180,167
94,69,63,118,100,95,58,34,29,103,78,73,79,54,48,110,90,84
195,171,157,220,206,193,128,95,83,182,151,139,210,192,178,157,125,112
185,164,153,129,102,93,221,205,192,103,73,61,205,189,177,162,134,123
105,76,76,164,155,153,131,118,116,117,98,96,149,138,135,93,53,55
120,105,105,167,158,156,93,74,76,149,133,131,180,176,174,71,46,50
166,156,153,86,68,71,149,133,132,181,175,170,28,21,25,120,103,104
142,130,128,103,64,65,109,85,83,162,152,150,88,45,46,124,106,104
144,129,128,170,165,162,87,67,70,182,179,177,118,105,106,152,150,148
93,50,51,146,135,133,117,95,94,163,154,152,133,115,113,104,72,73
90,52,53,164,155,153,131,118,116,150,137,135,106,74,74,120,97,95
233,204,188,168,132,116,150,108,92,212,180,162,115,86,76,189,154,136
162,126,110,206,172,153,231,201,184,182,148,130,136,100,86,99,75,68
150,111,96,212,179,161,234,203,186,170,134,116,189,154,135,119,89,75
234,203,186,167,132,118,149,110,96,211,178,161,188,153,136,120,89,77
191,155,137,152,110,94,214,181,164,124,80,66,171,134,117,235,206,190
174,138,121,210,178,161,192,156,139,137,94,79,230,200,183,160,116,101
210,178,161,169,131,116,152,108,93,232,203,187,188,153,136,117,82,71
135,117,103,218,218,222,191,188,191,104,86,72,153,137,120,164,156,154
160,152,150,218,218,223,131,113,98,152,135,117,189,186,189,103,85,70
190,188,191,154,137,120,113,93,76,220,218,224,137,118,101,163,155,154
195,194,199,136,118,102,169,162,162,154,139,123,106,87,73,222,222,226
219,218,224,131,114,99,153,135,119,190,188,191,101,82,69,161,153,152
134,117,101,218,218,222,189,187,190,109,90,75,153,136,118,161,153,151
218,218,223,152,136,119,101,84,70,189,187,191,131,114,100,161,154,151
188,162,143,215,188,171,144,112,92,225,202,186,202,176,157,168,140,119
122,82,66,228,212,207,156,122,108,186,156,144,87,47,32,206,188,181
220,196,187,100,58,40,143,109,91,179,147,131,202,176,161,230,215,210
189,165,146,170,142,122,212,188,170,141,113,95,224,202,187,200,177,158
93,52,35,229,213,208,168,133,119,189,163,153,133,95,79,208,191,185
199,174,155,129,93,72,160,126,108,225,202,186,185,157,138,213,187,170
205,179,161,154,120,101,126,87,67,222,198,182,94,61,42,184,159,139
80,77,87,20,15,23,103,96,109,61,58,69,129,118,131,41,37,45
48,48,53,191,192,202,122,124,131,161,161,167,15,17,21,79,79,85
71,72,80,193,194,206,144,142,150,35,32,39,168,169,178,116,117,126
52,49,56,102,97,105,76,73,81,128,120,129,168,169,179,25,24,30
152,152,158,64,65,70,195,196,206,27,27,33,115,117,124,175,177,185
74,70,82,124,113,126,30,29,36,98,92,106,55,50,59,141,128,143
120,110,123,38,33,42,80,76,88,100,94,106,61,58,69,135,123,137
133,134,122,66,54,46,90,84,73,161,162,153,107,108,97,46,30,23
118,119,106,48,32,28,79,68,59,139,139,127,162,165,153,97,95,83
73,60,53,163,161,150,133,132,119,93,82,71,53,32,28,106,104,92
165,166,156,78,72,60,119,122,110,100,96,83,52,37,29,141,142,131
162,165,154,64,52,43,104,105,91,127,126,112,91,82,71,142,144,132
114,118,108,50,33,28,76,68,60,161,161,152,99,96,84,138,137,124
135,137,125,52,37,30,94,90,78,115,116,103,160,161,152,74,62,52
139,109,91,71,51,38,47,35,28,85,67,54,117,93,77,106,79,58
101,84,70,232,218,206,141,126,112,180,163,148,55,37,22,209,195,181
232,218,206,116,97,83,210,195,179,184,166,151,64,43,29,154,136,121
84,69,57,134,111,87,114,95,77,56,42,33,72,54,45,103,77,62
233,218,206,157,138,124,61,41,27,208,194,180,185,165,148,115,101,85
121,97,80,62,47,35,103,78,59,34,18,6,44,34,26,78,62,49
139,109,91,57,44,34,77,57,44,117,93,77,98,76,59,39,29,20
74,61,56,206,185,179,137,127,121,102,93,87,41,29,24,176,160,155
188,162,156,66,45,38,236,214,207,119,92,85,213,191,187,151,125,119
207,181,176,121,91,85,183,152,147,78,57,49,231,210,205,157,124,118
199,179,175,73,61,56,142,125,119,107,94,87,171,151,148,42,31,24
174,136,130,218,198,192,74,54,46,135,107,99,197,170,163,240,220,212
89,81,76,177,157,153,61,48,42,140,128,122,202,180,176,109,100,95
175,158,153,63,49,43,102,93,88,219,204,196,140,129,123,201,177,173
118,97,90,194,184,180,165,153,149,80,64,59,144,119,110,210,203,199
144,118,109,196,185,182,71,58,55,170,157,152,211,203,199,117,97,90
84,69,65,210,202,198,144,119,110,165,154,149,119,100,93,192,183,179
81,65,58,210,202,198,144,119,109,121,98,90,162,151,147,192,182,178
147,122,112,209,200,197,102,84,78,129,106,97,182,169,166,63,49,44
148,124,115,209,201,197,113,94,87,180,169,166,135,111,102,77,64,60
210,202,198,118,97,89,144,118,108,193,183,180,161,151,147,81,66,62
249,244,245,212,210,220,200,193,198,234,232,242,249,251,254,233,224,221
172,158,170,213,208,220,108,81,83,234,231,240,192,182,195,142,120,126
183,167,173,107,84,86,242,238,250,208,201,213,142,121,125,223,221,233
197,181,188,155,136,142,223,211,219,183,165,170,236,226,235,206,193,202
235,227,231,117,88,91,184,164,170,150,119,120,79,50,52,210,199,207
249,250,252,184,184,196,234,224,221,241,236,242,162,157,165,212,207,216
250,250,252,212,204,210,235,235,248,170,161,165,232,223,221,247,235,233
172,172,173,212,214,215,102,95,96,196,199,199,79,62,59,135,135,137
201,186,181,143,111,105,215,202,199,183,165,160,111,88,87,161,138,132
205,180,173,85,74,76,218,204,199,163,144,143,201,194,190,180,169,166
217,210,207,194,201,207,179,169,168,142,136,136,212,219,224,209,189,181
216,202,199,133,100,100,198,169,163,166,141,136,200,187,183,181,161,158
212,217,223,128,124,126,195,194,192,91,75,67,211,209,207,166,167,170
87,72,71,200,197,196,133,135,139,212,214,215,179,173,172,104,103,106
200,201,208,140,131,147,108,99,115,193,192,201,158,158,175,181,175,191
194,193,201,148,141,155,167,174,190,104,108,124,200,200,210,187,166,180
194,193,203,138,128,144,160,154,170,96,91,104,182,174,191,200,200,210
193,192,202,89,75,85,156,146,160,200,201,210,125,114,129,178,172,186
200,201,211,153,144,159,175,170,184,83,75,89,193,192,201,120,112,128
199,200,208,137,126,142,156,154,174,96,90,104,190,190,201,177,171,185
200,201,209,132,129,144,179,176,192,94,95,111,194,194,202,154,156,174
156,147,143,49,41,36,124,114,110,219,216,215,85,77,73,182,175,173
209,205,207,141,123,116,53,34,28,191,183,182,103,86,81,166,156,153
114,91,83,192,183,184,64,46,42,168,158,155,210,205,210,146,127,119
131,112,106,48,39,34,221,217,218,85,75,71,185,178,175,156,148,144
205,201,203,135,114,106,176,172,169,103,83,77,49,36,31,157,143,138
176,168,165,115,102,98,52,40,34,216,213,212,147,137,133,83,72,66
182,175,172,82,72,67,123,110,104,219,216,216,47,36,30,153,144,140
