Image,Cluster 1,Cluster 2,Cluster 3,Cluster 4,Cluster 5,Cluster 6
image_03.jpg,154-75-19,225-185-122,188-130-61,172-105-38,214-169-107,203-151-83
image_03_flipped.jpg,123-54-18,205-155-90,167-105-41,189-131-63,218-178-116,153-76-22
image_03_rotated_180.jpg,250-246-191,136-108-72,212-191-142,94-62-30,237-220-175,175-156-109
image_03_rotated_270.jpg,248-239-183,212-192-142,135-100-61,183-159-110,235-217-167,252-250-192
image_03_rotated_90.jpg,190-131-61,222-179-115,154-78-20,207-155-87,102-58-21,165-105-43
image_03_zoom_0.7.jpg,177-112-43,211-161-94,195-139-69,221-179-117,125-76-31,158-75-17
image_03_zoom_1.7.jpg,225-184-119,172-106-38,189-130-60,154-74-17,213-166-103,201-149-81
image_04.jpg,222-177-101,231-203-149,154-119-89,243-221-171,203-152-92,231-190-117
image_04_flipped.jpg,235-198-129,160-115-74,243-219-169,200-149-92,225-179-107,217-191-155
image_04_rotated_180.jpg,230-199-145,210-160-101,160-112-74,227-184-110,191-138-89,242-220-170
image_04_rotated_270.jpg,229-185-109,243-221-170,188-132-83,230-201-148,120-96-83,212-161-95
image_04_rotated_90.jpg,230-196-134,125-84-50,166-122-82,241-216-167,202-149-93,225-179-107
image_04_zoom_0.7.jpg,172-118-72,227-183-106,242-220-170,213-172-123,205-152-91,233-202-141
image_04_zoom_1.7.jpg,229-197-141,121-84-53,242-219-169,167-118-80,205-156-95,226-183-106
image_05.jpg,201-187-39,155-137-33,174-172-56,115-113-39,192-163-35,198-193-73
image_05_flipped.jpg,180-156-38,74-78-33,133-126-40,211-203-108,202-187-41,182-179-63
image_05_rotated_180.jpg,191-187-63,130-127-41,171-161-48,200-184-36,206-202-118,85-90-40
image_05_rotated_270.jpg,174-170-58,125-123-43,200-194-85,199-183-42,87-89-42,162-141-36
image_05_rotated_90.jpg,167-144-38,198-194-72,85-88-37,127-124-41,200-182-39,175-171-59
image_05_zoom_0.7.jpg,189-185-63,129-127-40,167-156-46,208-203-104,199-183-37,91-95-43
image_05_zoom_1.7.jpg,199-184-41,128-125-42,205-200-102,166-139-34,176-175-61,84-85-37
image_06.jpg,136-109-16,216-178-39,192-153-18,160-134-32,224-183-21,190-167-61
image_06_flipped.jpg,218-179-38,137-111-18,199-160-37,175-142-24,224-182-20,211-181-60
image_06_rotated_180.jpg,120-94-9,223-182-22,182-157-60,156-127-27,216-178-45,194-152-25
image_06_rotated_270.jpg,210-175-51,145-115-19,198-158-31,223-182-26,109-84-11,177-139-30
image_06_rotated_90.jpg,82-70-11,203-165-15,34-27-4,129-107-10,166-131-7,210-178-44
image_06_zoom_0.7.jpg,192-151-20,218-183-47,138-108-12,165-132-24,224-183-22,203-167-38
image_06_zoom_1.7.jpg,189-158-48,98-84-17,140-115-17,218-177-26,210-179-57,187-148-13
image_08.jpg,119-106-92,180-172-160,198-196-190,188-139-103,224-186-147,153-146-136
image_08_flipped.jpg,181-173-159,150-146-135,116-104-92,194-139-101,224-187-147,198-196-190
image_08_rotated_180.jpg,163-154-141,199-197-191,111-93-81,222-191-152,184-177-166,127-124-112
image_08_rotated_90.jpg,182-178-167,126-123-112,201-198-190,224-184-141,163-154-141,111-96-83
image_08_zoom_0.7.jpg,179-172-159,118-109-95,197-195-190,140-144-140,224-187-147,181-141-110
image_08_zoom_1.7.jpg,179-173-161,111-103-91,181-147-120,198-196-190,141-143-136,224-186-148
image_09.jpg,209-190-147,196-153-83,218-205-174,206-167-101,210-179-124,180-125-68
image_09_flipped.jpg,212-185-136,237-225-194,215-147-95,238-199-137,234-211-167,225-176-111
image_09_rotated_180.jpg,214-203-167,198-155-89,209-172-113,181-127-68,210-187-143,165-165-139
image_09_rotated_270.jpg,220-205-173,210-178-126,198-151-83,183-127-61,214-190-148,206-166-103
image_09_rotated_90.jpg,230-181-116,233-218-182,216-152-94,233-204-153,238-226-197,210-182-132
image_09_zoom_0.7.jpg,237-226-198,229-175-110,236-202-149,212-140-94,230-216-182,212-183-127
image_09_zoom_1.7.jpg,238-210-162,227-171-106,237-226-198,212-182-126,235-195-138,231-219-184
image_10.jpeg,247-193-117,245-223-212,216-120-54,244-161-78,145-62-23,240-204-169
image_10_flipped.jpeg,245-199-136,238-152-71,246-224-214,240-207-180,190-124-57,245-180-99
image_10_rotated_180.jpeg,246-224-213,243-178-99,245-199-136,230-147-68,158-104-61,234-201-181
image_10_rotated_270.jpeg,228-195-183,245-189-112,203-136-62,246-208-153,246-224-212,244-163-79
image_10_rotated_90.jpeg,243-165-82,230-198-187,246-190-115,247-224-213,247-208-155,208-134-60
image_10_zoom_0.7.jpeg,224-140-64,245-222-211,241-202-166,244-169-87,153-104-49,247-193-120
image_10_zoom_1.7.jpeg,240-201-163,217-127-57,245-222-210,243-163-81,153-86-37,246-191-115
image_11.jpg,237-200-171,236-157-110,242-181-135,149-105-77,211-137-94,214-174-146
image_11_flipped.jpg,236-156-111,237-201-172,206-169-148,206-131-94,242-181-137,123-77-66
image_11_rotated_180.jpg,214-174-147,210-136-97,240-200-168,234-158-112,175-105-75,243-180-136
image_11_rotated_270.jpg,234-153-110,243-191-152,210-135-94,238-203-176,244-174-129,214-174-146
image_11_rotated_90.jpg,226-145-103,242-171-125,188-121-90,237-204-176,242-191-150,213-171-145
image_11_zoom_0.7.jpg,238-158-113,235-200-172,241-181-137,164-106-82,220-136-95,200-165-147
image_11_zoom_1.7.jpg,239-175-130,235-153-108,237-203-176,131-101-98,210-134-94,230-187-154
image_16.jpg,214-172-90,187-134-41,202-155-57,186-150-68,207-164-70,180-116-23
image_16_flipped.jpg,211-161-71,189-132-43,201-142-50,179-113-26,204-158-60,218-173-88
image_16_rotated_180.jpg,226-199-116,152-122-62,125-97-40,204-179-106,183-148-78,114-66-25
image_16_rotated_270.jpg,239-215-134,190-148-63,228-189-99,165-115-31,218-173-83,235-203-113
image_16_rotated_90.jpg,196-138-46,177-114-27,214-167-87,208-160-65,147-82-15,164-116-55
image_16_zoom_0.7.jpg,211-168-79,185-118-29,199-139-47,201-158-66,172-129-55,164-102-22
image_16_zoom_1.7.jpg,211-166-81,130-67-7,198-131-48,203-156-64,156-95-24,183-114-29
image_18.jpg,144-126-67,92-79-41,178-164-98,122-102-51,157-144-88,173-170-136
image_18_flipped.jpg,158-143-82,178-164-98,115-97-47,174-170-136,150-146-115,139-122-66
image_18_rotated_180.jpg,156-148-103,135-117-64,157-141-81,178-164-98,110-94-45,177-172-135
image_18_rotated_270.jpg,135-114-61,152-145-103,157-140-79,177-164-97,103-88-45,173-169-133
image_18_rotated_90.jpg,178-164-97,118-102-53,144-125-67,173-169-136,157-143-86,83-70-38
image_18_zoom_0.7.jpg,122-105-55,178-164-99,92-80-43,147-126-67,174-171-135,159-144-86
image_18_zoom_1.7.jpg,176-172-133,129-110-57,159-145-88,105-88-43,178-164-98,152-132-71
image_19.jpg,173-152-8,205-205-157,128-104-26,170-172-91,205-185-9,229-241-232
image_19_flipped.jpg,175-153-11,228-233-211,134-110-27,176-173-91,85-56-15,205-185-12
image_19_rotated_180.jpg,148-130-57,205-185-11,228-236-214,121-95-19,179-183-96,170-152-7
image_19_rotated_270.jpg,207-186-11,228-235-214,139-119-24,175-178-94,176-157-8,108-86-21
image_19_rotated_90.jpg,135-114-26,206-207-153,194-174-9,87-51-14,170-172-90,232-239-226
image_19_zoom_0.7.jpg,126-103-21,206-184-10,225-234-215,153-138-65,174-153-7,182-187-94
image_19_zoom_1.7.jpg,206-185-10,145-123-32,177-179-91,227-236-215,178-156-7,124-96-19
image_20.jpg,241-208-154,156-122-60,183-157-113,120-89-34,204-158-81,224-187-122
image_20_flipped.jpg,208-165-94,235-200-140,135-100-38,179-138-69,246-213-161,222-184-121
image_20_rotated_180.jpg,185-143-71,232-197-138,245-212-160,207-163-94,220-180-115,146-111-38
image_20_rotated_270.jpg,148-113-47,242-208-152,185-144-74,210-167-98,227-190-124,111-79-23
image_20_rotated_90.jpg,229-194-131,185-143-74,212-170-100,148-112-50,110-78-24,241-211-158
image_20_zoom_0.7.jpg,235-198-135,197-152-73,141-108-42,172-145-93,217-177-108,243-214-162
image_20_zoom_1.7.jpg,221-183-115,172-133-63,202-160-86,245-214-161,132-99-36,235-200-138
image_22.jpeg,193-154-59,180-124-46,227-197-101,115-61-25,209-171-79,155-94-33
image_22_flipped.jpeg,193-153-61,118-66-28,159-96-34,227-196-103,180-125-50,209-169-81
image_22_rotated_180.jpeg,193-153-62,113-62-28,227-194-98,154-95-32,179-125-45,209-170-80
image_22_rotated_270.jpeg,207-170-81,154-92-33,180-123-47,227-196-101,193-154-59,107-59-27
image_22_rotated_90.jpeg,228-198-105,178-125-45,108-58-26,194-154-58,154-92-32,212-172-80
image_22_zoom_0.7.jpeg,209-170-78,159-99-32,120-67-26,193-154-59,181-127-45,226-197-102
image_22_zoom_1.7.jpeg,209-171-78,153-92-31,226-197-101,192-154-59,111-57-22,178-125-44
image_24.jpg,122-89-58,220-203-161,191-166-129,209-188-148,150-120-88,170-143-113
image_24_flipped.jpg,220-205-161,133-100-69,187-164-130,172-140-107,206-170-134,211-192-152
image_24_rotated_180.jpg,222-206-164,192-160-128,216-193-149,205-177-140,171-137-109,227-200-157
image_24_rotated_270.jpg,222-211-166,191-159-126,208-181-142,168-135-103,225-199-154,214-200-155
image_24_rotated_90.jpg,213-194-152,168-142-111,187-158-124,204-174-136,222-207-161,137-115-84
image_24_zoom_0.7.jpg,220-198-151,225-201-169,180-147-112,211-186-145,202-171-132,221-208-158
image_24_zoom_1.7.jpg,201-174-137,220-207-162,178-155-122,155-130-97,215-194-150,131-107-77
image_25.jpg,241-223-211,233-174-99,230-201-174,214-147-76,177-119-60,240-197-130
image_25_flipped.jpg,241-223-211,204-142-75,239-194-128,145-105-56,232-169-95,231-203-174
image_25_rotated_180.jpg,226-199-178,233-173-98,239-197-131,241-223-211,163-111-59,209-144-77
image_25_rotated_270.jpg,235-182-108,242-224-212,225-157-83,190-130-65,241-201-137,229-201-177
image_25_rotated_90.jpg,240-223-211,229-165-91,124-67-22,239-193-125,193-133-68,231-201-171
image_25_zoom_0.7.jpg,206-137-71,241-223-211,231-169-95,239-195-127,168-97-48,231-202-175
image_25_zoom_1.7.jpg,232-172-97,241-223-211,180-115-58,211-146-75,240-196-129,229-200-173
image_27.jpg,213-179-117,186-145-72,234-202-150,144-109-43,208-166-89,232-195-128
image_27_flipped.jpg,210-170-99,238-206-149,147-113-45,191-149-71,231-191-119,216-187-137
image_27_rotated_180.jpg,238-205-149,155-117-48,211-170-102,225-189-128,116-83-26,190-147-76
image_27_rotated_270.jpg,220-178-103,150-116-56,237-203-143,191-150-81,105-74-21,210-180-129
image_27_rotated_90.jpg,195-154-76,236-205-147,105-73-22,216-180-114,142-106-47,159-131-81
image_27_zoom_0.7.jpg,222-185-119,132-98-40,237-204-147,190-148-74,206-166-101,160-124-56
image_27_zoom_1.7.jpg,221-184-116,141-105-42,183-142-70,244-213-160,235-200-141,206-165-94
image_29.jpg,147-113-79,83-54-26,124-99-74,177-146-111,106-77-45,132-96-55
image_29_flipped.jpg,79-49-20,121-89-56,182-148-118,132-101-71,159-120-89,103-73-40
image_29_rotated_180.jpg,173-142-109,133-105-77,95-65-34,70-43-19,113-84-51,132-98-60
image_29_rotated_270.jpg,97-69-41,132-104-77,174-141-109,116-84-52,135-98-59,80-50-24
image_29_rotated_90.jpg,227-178-113,162-118-74,238-195-146,99-67-45,201-150-90,198-157-121
image_29_zoom_0.7.jpg,220-179-131,160-113-65,220-169-98,241-200-149,234-186-118,191-144-89
image_29_zoom_1.7.jpg,175-142-107,123-96-71,75-49-23,133-97-55,137-108-80,106-75-42
image_30.jpg,178-161-136,141-96-66,177-128-89,198-150-110,211-192-170,210-175-137
image_30_flipped.jpg,186-137-98,205-177-140,202-159-118,167-117-75,72-58-43,215-192-165
image_30_rotated_180.jpg,145-86-56,202-163-123,169-118-79,187-138-99,100-60-47,208-183-152
image_30_rotated_270.jpg,215-185-154,177-130-90,123-82-53,193-147-109,154-108-72,202-167-130
image_30_rotated_90.jpg,188-137-100,211-181-148,79-52-26,200-160-123,143-90-57,170-118-80
image_30_zoom_0.7.jpg,128-83-56,201-164-125,172-118-74,187-142-103,204-183-151,143-122-93
image_30_zoom_1.7.jpg,201-162-123,170-125-80,206-181-148,81-65-45,133-111-83,185-142-103
image_33.jpeg,202-152-68,213-176-113,139-81-45,180-123-56,215-170-81,252-226-164
image_33_flipped.jpeg,197-143-79,219-178-99,176-116-48,250-225-164,201-151-59,211-167-75
image_33_rotated_180.jpeg,214-170-79,177-120-53,216-178-110,250-224-164,203-154-62,196-146-85
image_33_rotated_270.jpeg,217-173-88,190-135-60,166-105-47,225-191-128,195-148-87,208-161-67
image_33_rotated_90.jpeg,217-180-110,184-126-53,214-171-82,252-224-162,205-158-63,194-144-82
image_33_zoom_0.7.jpeg,203-153-61,217-179-111,214-170-80,178-119-51,248-216-154,200-145-83
image_33_zoom_1.7.jpeg,199-148-87,151-90-45,205-157-64,222-189-127,216-172-84,185-129-56
image_35.jpg,204-161-117,176-117-74,114-72-49,199-145-96,138-110-92,167-137-112
image_35_flipped.jpg,179-110-64,197-150-106,159-124-96,200-137-85,119-80-57,208-165-121
image_35_rotated_180.jpg,199-151-105,206-163-119,178-116-71,127-100-82,161-132-107,201-137-85
image_35_rotated_270.jpg,112-75-55,200-153-107,163-136-113,205-166-125,200-136-85,159-110-76
image_35_rotated_90.jpg,197-139-89,204-166-127,120-86-63,199-153-108,175-117-75,156-132-111
image_35_zoom_0.7.jpg,199-137-86,118-85-65,209-165-120,174-116-74,199-152-106,154-127-108
image_35_zoom_1.7.jpg,200-152-106,116-81-60,205-165-124,162-131-105,200-135-84,170-110-70
image_36.jpg,184-142-64,133-67-32,176-118-50,203-134-55,104-24-9,156-96-41
image_36_flipped.jpg,139-73-34,178-118-51,185-142-63,108-38-18,158-98-42,205-133-57
image_36_rotated_180.jpg,160-101-43,177-119-52,106-46-23,141-82-35,203-134-55,184-142-64
image_36_rotated_270.jpg,147-91-40,203-136-56,185-142-65,123-66-32,179-122-52,164-108-46
image_36_rotated_90.jpg,185-141-62,128-60-28,178-116-50,207-132-61,97-27-11,155-95-40
image_36_zoom_0.7.jpg,140-78-37,184-142-64,159-99-44,113-44-20,177-118-51,204-132-56
image_36_zoom_1.7.jpg,184-142-64,157-96-42,135-67-32,177-117-51,106-28-11,205-131-58
image_37.jpg,172-156-118,209-187-142,191-142-92,90-69-43,205-171-118,141-118-85
image_37_flipped.jpg,214-179-129,146-114-72,187-150-99,97-71-41,236-215-169,225-202-147
image_37_rotated_180.jpg,231-207-157,194-155-106,116-90-56,158-131-87,221-182-129,205-188-144
image_37_rotated_270.jpg,160-131-93,209-173-123,212-186-142,191-144-91,123-98-68,192-161-113
image_37_rotated_90.jpg,207-179-134,126-94-54,232-212-164,159-127-82,188-155-108,220-199-148
image_37_zoom_0.7.jpg,209-186-142,196-146-96,158-137-102,206-172-120,182-161-123,179-130-87
image_37_zoom_1.7.jpg,193-141-93,211-188-143,211-176-120,177-125-85,194-160-110,198-171-129
image_38.jpg,183-139-100,132-110-87,165-143-120,87-73-59,193-154-114,188-164-135
image_38_flipped.jpg,191-162-130,167-123-93,129-103-83,196-152-112,179-145-114,188-139-98
image_38_rotated_180.jpg,174-137-105,96-75-58,186-161-133,132-108-86,57-47-34,192-152-113
image_38_rotated_270.jpg,168-142-123,197-154-113,155-117-94,186-141-103,192-162-130,188-152-117
image_38_rotated_90.jpg,153-123-101,177-144-116,190-163-133,187-138-98,196-153-113,92-82-72
image_38_zoom_0.7.jpg,193-156-116,162-122-91,163-140-116,186-163-135,133-105-78,187-142-103
image_38_zoom_1.7.jpg,187-134-95,189-145-108,140-115-84,188-159-126,171-137-99,195-156-113
image_39.jpg,232-208-174,183-143-82,139-95-37,219-175-105,206-183-152,231-194-139
image_39_flipped.jpg,216-193-162,229-185-115,230-210-177,194-169-136,155-134-113,228-196-144
image_39_rotated_180.jpg,208-178-142,229-197-152,155-108-42,198-156-90,228-187-120,236-209-174
image_39_rotated_270.jpg,236-212-184,205-164-102,229-203-163,230-191-129,206-181-153,173-127-61
image_39_rotated_90.jpg,230-188-122,232-212-181,200-157-88,204-179-151,158-111-44,228-200-158
image_39_zoom_0.7.jpg,207-182-150,150-103-36,232-206-169,204-163-99,231-190-127,175-133-70
image_39_zoom_1.7.jpg,230-201-161,231-189-127,189-141-66,216-170-99,236-213-183,205-181-150
image_40.jpg,174-130-79,206-145-74,152-95-47,193-112-53,197-152-93,215-159-94
image_40_flipped.jpg,172-136-84,213-158-95,196-116-59,202-138-74,168-107-51,197-153-93
image_40_rotated_180.jpg,196-149-92,131-74-33,171-129-81,213-156-97,159-102-49,197-128-59
image_40_rotated_270.jpg,212-159-95,192-119-58,191-150-99,160-103-51,201-148-80,173-131-82
image_40_rotated_90.jpg,194-151-97,119-67-26,192-122-57,156-94-48,211-157-89,171-131-81
image_40_zoom_0.7.jpg,199-153-94,195-123-56,159-123-77,179-138-87,215-159-94,206-146-75
image_40_zoom_1.7.jpg,181-125-66,191-144-86,204-159-101,109-80-42,133-101-56,157-123-71
image_42.jpeg,170-129-89,136-81-44,157-106-64,142-94-58,163-118-76,119-70-35
image_42_flipped.jpeg,205-176-146,134-102-75,179-143-109,198-162-128,214-184-154,154-121-91
image_42_rotated_180.jpeg,121-85-61,197-162-128,152-114-85,208-179-148,90-56-36,177-140-107
image_42_rotated_270.jpeg,174-136-102,212-180-152,130-91-65,200-165-134,156-116-86,187-152-118
image_42_rotated_90.jpeg,156-119-89,210-180-149,127-93-67,199-163-130,95-61-38,180-142-108
image_42_zoom_0.7.jpeg,152-114-81,199-169-137,172-134-100,207-180-150,129-86-58,187-154-120
image_42_zoom_1.7.jpeg,209-180-150,98-59-37,196-164-131,178-142-108,156-117-84,130-92-64
image_43.jpg,204-174-134,158-136-102,84-60-42,132-99-70,174-121-76,194-147-105
image_43_flipped.jpg,174-133-92,210-176-135,160-107-69,200-146-104,190-159-121,119-87-62
image_43_rotated_180.jpg,212-177-138,170-121-82,187-140-101,79-53-37,144-95-64,198-160-119
image_43_rotated_270.jpg,187-137-94,123-77-52,207-177-135,193-157-117,151-128-94,165-107-64
image_43_rotated_90.jpg,192-157-118,164-105-64,205-177-136,179-138-94,107-76-52,146-118-87
image_43_zoom_0.7.jpg,195-157-116,166-106-65,205-176-136,146-121-87,182-137-94,123-79-54
image_43_zoom_1.7.jpg,195-159-119,167-121-78,180-142-102,206-177-137,91-68-45,136-100-70
image_46.jpg,214-213-176,242-244-239,189-185-154,165-138-83,201-175-110,213-201-142
image_46_flipped.jpg,129-98-46,212-201-148,242-245-238,217-215-177,169-146-92,199-180-124
image_46_rotated_180.jpg,216-213-170,247-248-244,207-183-117,218-203-137,225-223-207,202-196-154
image_46_rotated_270.jpg,213-210-167,198-179-121,246-247-244,212-199-142,165-147-96,222-221-196
image_46_rotated_90.jpg,207-203-160,122-109-81,214-197-133,243-245-240,177-165-124,218-217-180
image_46_zoom_0.7.jpg,212-202-147,242-244-241,203-183-124,137-106-49,218-216-179,184-156-94
image_46_zoom_1.7.jpg,244-246-242,213-197-133,142-112-56,189-163-104,219-218-181,209-204-158
image_49.jpg,226-223-149,221-207-82,138-119-51,219-214-118,167-146-68,200-186-82
image_49_flipped.jpg,228-222-147,174-141-60,217-206-81,130-107-44,198-184-94,221-214-116
image_49_rotated_180.jpg,200-181-68,177-156-41,111-90-12,202-188-100,188-161-62,147-130-40
image_49_rotated_270.jpg,209-194-115,109-77-8,191-168-54,142-117-28,167-150-42,197-183-76
image_49_rotated_90.jpg,117-95-40,222-210-95,225-218-136,169-145-60,212-197-70,198-188-94
image_49_zoom_0.7.jpg,220-217-122,137-119-55,217-206-82,186-167-76,227-224-152,199-194-103
image_49_zoom_1.7.jpg,221-215-127,141-122-56,200-188-90,221-207-86,229-227-168,182-157-60
image_50.jpg,187-170-110,220-205-160,205-190-132,183-151-77,146-142-109,248-240-214
image_50_flipped.jpg,181-149-76,246-238-204,202-186-128,217-201-152,166-160-117,191-170-102
image_50_rotated_180.jpg,201-188-132,183-151-75,247-239-207,217-203-157,162-160-120,190-170-104
image_50_rotated_270.jpg,192-170-103,217-202-154,247-239-207,168-162-120,202-187-129,181-149-76
image_50_rotated_90.jpg,245-236-202,197-179-115,210-197-147,185-154-80,169-164-118,133-130-94
image_50_zoom_0.7.jpg,184-150-76,216-200-154,241-232-205,168-159-116,204-187-127,193-171-102
image_50_zoom_1.7.jpg,183-151-77,205-190-133,247-238-211,220-205-160,152-148-113,190-170-107
image_51.jpg,238-197-123,245-221-170,212-162-103,228-200-157,187-138-93,227-180-112
image_51_flipped.jpg,225-196-151,185-133-88,245-219-168,233-188-115,214-164-102,151-103-61
image_51_rotated_180.jpg,221-169-104,234-208-161,161-108-65,239-194-120,191-136-87,247-227-184
image_51_rotated_270.jpg,245-221-168,229-181-109,168-122-78,242-201-126,221-195-159,207-157-97
image_51_rotated_90.jpg,220-172-109,241-214-162,116-80-54,200-145-92,235-192-117,167-118-76
image_51_zoom_0.7.jpg,237-195-121,243-218-167,156-128-101,204-149-89,224-177-106,217-190-154
image_51_zoom_1.7.jpg,227-200-155,192-139-89,215-167-107,126-90-60,244-220-169,234-189-116
image_52.jpeg,190-134-73,224-193-144,197-149-88,150-109-57,233-203-161,206-170-129
image_52_flipped.jpeg,207-170-127,229-198-151,164-130-84,135-101-55,187-125-72,197-146-88
image_52_rotated_180.jpeg,232-203-158,195-143-83,104-75-39,207-166-116,161-115-66,225-191-138
image_52_rotated_270.jpeg,208-172-118,164-117-67,195-141-83,98-70-32,223-193-142,232-204-160
image_52_zoom_0.7.jpeg,197-144-83,115-90-51,229-195-156,213-170-125,71-58-29,160-122-69
image_52_zoom_1.7.jpeg,166-114-60,225-194-141,113-69-28,233-203-161,197-141-79,210-167-110
image_53.jpg,213-199-176,177-146-101,149-120-74,205-183-148,203-173-132,198-161-114
image_53_flipped.jpg,178-139-98,222-209-186,148-106-69,205-179-142,207-189-162,199-163-116
image_53_rotated_180.jpg,204-181-145,234-227-205,199-165-122,184-148-104,210-198-175,164-126-78
image_53_rotated_270.jpg,197-162-117,129-89-52,220-208-189,203-180-144,168-133-93,206-193-169
image_53_rotated_90.jpg,203-175-134,212-198-172,187-151-97,239-229-210,206-183-151,198-164-114
image_53_zoom_0.7.jpg,206-183-148,179-143-99,196-159-117,213-199-176,201-171-132,152-120-73
image_53_zoom_1.7.jpg,196-163-118,209-194-169,139-107-62,204-181-145,171-139-92,220-209-190
image_54.jpg,135-114-68,183-173-117,118-88-47,200-207-159,193-194-138,160-141-94
image_54_flipped.jpg,150-142-97,197-203-151,135-117-74,105-82-45,182-176-122,127-97-55
image_54_rotated_180.jpg,163-147-103,200-201-150,140-121-76,186-177-124,117-85-44,132-103-59
image_54_rotated_270.jpg,164-151-110,118-95-54,187-184-135,137-118-73,198-205-156,65-59-32
image_54_rotated_90.jpg,134-113-71,153-142-97,118-90-51,196-202-152,81-61-34,182-177-124
image_54_zoom_0.7.jpg,137-119-73,199-204-151,111-78-41,162-144-97,186-181-122,129-100-58
image_54_zoom_1.7.jpg,137-116-71,199-203-151,107-74-41,164-145-98,127-95-54,187-180-122
image_55.jpg,220-187-141,119-90-49,52-32-17,195-153-111,150-114-74,86-59-29
image_55_flipped.jpg,196-160-120,76-49-24,182-136-96,38-24-10,113-78-46,148-107-71
image_55_rotated_180.jpg,219-183-138,112-82-45,187-138-104,135-101-63,47-29-14,79-55-28
image_55_rotated_270.jpg,215-184-143,190-145-109,229-196-149,173-127-89,210-164-115,222-175-126
image_55_rotated_90.jpg,213-174-126,131-91-57,224-195-149,167-125-84,191-148-107,98-57-32
image_55_zoom_0.7.jpg,205-164-113,226-195-147,181-145-105,206-177-138,220-181-130,167-126-80
image_55_zoom_1.7.jpg,219-189-143,179-142-99,202-162-115,145-101-60,226-198-151,212-176-128
image_56.jpg,124-66-18,252-185-86,202-124-25,92-37-15,153-90-28,242-153-38
image_56_flipped.jpg,134-75-20,252-189-92,230-145-30,98-48-15,178-108-26,251-174-66
image_56_rotated_180.jpg,147-88-30,239-158-41,88-39-15,198-124-26,251-186-86,121-66-19
image_56_rotated_270.jpg,122-66-18,244-158-42,203-127-25,151-90-28,251-187-88,88-37-15
image_56_rotated_90.jpg,172-109-31,252-190-93,95-39-16,231-148-29,128-72-21,250-175-68
image_56_zoom_0.7.jpg,129-71-19,251-187-88,99-41-16,214-135-26,161-98-27,248-164-49
image_56_zoom_1.7.jpg,131-74-20,251-188-89,96-41-15,226-142-27,178-110-24,250-169-56
image_57.jpg,168-128-101,207-171-139,121-79-56,210-186-159,149-110-86,189-147-118
image_57_flipped.jpg,171-126-101,211-185-159,197-161-133,206-175-147,155-111-87,185-143-116
image_57_rotated_180.jpg,209-170-146,149-109-90,175-130-107,211-183-163,198-153-127,130-88-71
image_57_rotated_270.jpg,199-155-129,148-101-83,209-189-162,107-66-51,208-175-146,174-128-108
image_57_rotated_90.jpg,172-133-108,204-173-144,212-184-159,111-83-66,145-107-86,192-156-129
image_57_zoom_0.7.jpg,190-148-118,206-173-140,117-79-61,165-123-96,143-104-82,209-188-161
image_57_zoom_1.7.jpg,172-125-92,139-93-69,191-149-120,158-110-80,112-74-52,185-135-99
image_58.jpg,209-173-143,121-86-65,178-135-107,150-114-85,194-157-127,94-59-43
image_58_flipped.jpg,206-170-140,122-87-65,183-145-114,57-38-30,151-115-86,95-62-47
image_58_rotated_180.jpg,183-141-114,123-91-69,206-170-139,60-40-31,151-116-88,98-65-48
image_58_rotated_270.jpg,124-90-69,184-141-114,98-66-51,206-170-141,152-116-88,59-40-30
image_58_rotated_90.jpg,208-170-140,70-43-32,154-117-87,100-67-51,125-90-66,186-144-115
image_58_zoom_0.7.jpg,185-142-115,76-51-38,206-169-139,117-82-62,162-121-94,144-106-80
image_58_zoom_1.7.jpg,152-115-87,62-40-29,206-169-139,124-88-67,182-142-114,99-65-49
image_60.png,149-106-54,203-168-113,167-127-68,186-144-81,199-164-95,108-72-40
image_60_flipped.png,171-134-76,243-212-145,238-201-110,131-94-50,214-179-113,99-67-32
image_60_rotated_180.png,200-165-94,170-128-67,200-165-112,185-145-79,156-108-52,208-176-110
image_60_rotated_270.png,173-130-71,204-170-101,113-74-41,153-113-59,184-147-80,198-163-110
image_60_rotated_90.png,240-205-121,117-83-42,194-159-97,165-128-67,224-189-107,243-214-151
image_60_zoom_0.7.png,244-217-161,243-205-107,227-191-104,241-207-128,193-157-90,244-213-143
image_60_zoom_1.7.png,184-145-80,199-164-95,171-131-69,157-114-57,201-166-121,203-170-110
image_61.jpg,195-170-77,215-165-44,199-150-40,227-185-67,226-192-122,173-129-30
image_61_flipped.jpg,221-168-44,164-126-39,183-165-98,232-192-77,200-156-40,205-177-63
image_61_rotated_180.jpg,169-148-48,115-94-20,136-125-46,145-140-73,84-70-31,182-162-83
image_61_rotated_270.jpg,174-146-51,126-120-48,145-138-69,125-99-13,186-151-71,160-130-38
image_61_rotated_90.jpg,176-139-37,161-151-94,225-183-66,210-160-42,191-173-75,205-185-121
image_61_zoom_0.7.jpg,210-160-42,176-153-75,187-173-110,222-183-68,125-106-56,175-132-34
image_61_zoom_1.7.jpg,204-156-37,193-176-113,218-168-46,226-186-74,174-136-33,184-160-71
image_62.jpg,244-213-161,180-140-65,132-100-38,232-199-139,204-163-92,221-183-112
image_62_flipped.jpg,116-86-26,232-198-138,195-154-78,154-121-56,217-177-109,247-213-164
image_62_rotated_180.jpg,231-198-139,135-101-36,206-163-94,221-182-114,182-142-68,248-212-160
image_62_rotated_270.jpg,226-191-129,189-149-76,212-172-102,151-119-50,109-81-25,239-206-152
image_62_rotated_90.jpg,235-202-139,159-127-61,206-180-132,194-154-81,222-182-105,127-94-28
image_62_zoom_0.7.jpg,193-168-122,186-145-71,239-208-152,230-195-130,217-173-99,142-110-49
image_62_zoom_1.7.jpg,194-151-75,239-207-149,215-174-100,161-127-60,122-90-25,226-192-128
image_63.jpg,210-159-87,131-88-32,194-132-65,153-74-16,174-105-39,223-181-117
image_63_flipped.jpg,151-73-21,212-160-91,194-134-65,223-179-121,171-103-42,116-49-17
image_63_rotated_180.jpg,181-117-51,226-182-116,143-69-16,198-139-71,162-92-32,214-160-92
image_63_rotated_270.jpg,236-221-170,181-162-112,248-240-185,133-112-64,212-193-144,252-251-194
image_63_rotated_90.jpg,237-228-172,141-110-68,214-193-142,250-247-192,182-160-111,95-70-31
image_63_zoom_0.7.jpg,109-57-22,221-177-112,186-121-55,161-98-39,203-149-80,152-73-17
image_63_zoom_1.7.jpg,168-102-40,207-154-86,192-129-63,112-52-18,221-177-114,150-73-19
image_64.jpg,221-181-23,137-111-9,185-146-12,78-68-10,209-169-38,210-180-64
image_64_flipped.jpg,189-150-22,118-93-8,212-172-41,147-117-20,163-138-44,224-183-25
image_64_rotated_180.jpg,222-182-25,188-148-22,219-180-50,161-128-25,207-165-35,132-104-10
image_64_rotated_270.jpg,208-176-45,134-110-11,171-136-11,49-40-6,90-78-12,204-167-13
image_64_rotated_90.jpg,205-176-60,131-107-10,166-135-21,62-56-8,218-179-29,197-156-23
image_64_zoom_0.7.jpg,219-180-30,163-131-17,79-66-11,128-107-15,207-176-59,198-158-19
image_64_zoom_1.7.jpg,63-53-8,219-180-31,126-103-10,166-131-15,199-159-19,204-172-60
image_66.jpg,240-188-102,235-127-9,204-155-77,150-116-56,251-176-23,150-81-14
image_66_flipped.jpg,239-187-102,228-128-15,153-123-64,205-157-80,250-174-24,147-86-20
image_66_rotated_180.jpg,240-191-110,148-115-58,244-158-14,232-174-78,191-150-79,147-85-19
image_66_rotated_270.jpg,232-174-79,147-78-16,191-149-81,151-113-55,238-191-112,245-162-18
image_66_rotated_90.jpg,144-100-37,243-194-110,206-150-70,231-176-85,247-170-18,165-137-78
image_66_zoom_0.7.jpg,241-161-25,197-150-77,242-193-111,154-79-13,229-176-86,148-113-54
image_66_zoom_1.7.jpg,232-174-80,239-192-111,149-102-40,210-136-46,184-153-88,249-170-17
image_68.jpg,185-115-3,133-52-3,155-80-3,213-126-5,191-139-5,171-98-2
image_68_flipped.jpg,117-39-4,188-135-5,154-73-5,218-129-10,171-103-4,195-107-6
image_68_rotated_180.jpg,184-112-4,147-63-4,191-137-5,165-92-4,216-125-8,112-37-3
image_68_rotated_270.jpg,216-126-11,145-65-5,185-112-5,191-137-5,115-29-2,164-93-4
image_68_rotated_90.jpg,189-139-5,147-69-5,114-45-6,209-131-4,165-93-3,182-114-4
image_68_zoom_0.7.jpg,200-135-6,167-97-3,152-75-5,131-48-5,186-115-4,105-26-2
image_68_zoom_1.7.jpg,183-113-4,146-67-5,190-138-6,165-93-3,118-27-2,213-125-5
image_69.jpeg,224-166-4,151-75-3,252-224-61,214-172-62,205-120-3,245-197-12
image_69_flipped.jpeg,228-175-8,213-140-9,140-71-4,247-204-22,189-104-5,245-214-69
image_69_rotated_180.jpeg,228-175-5,249-221-72,191-102-6,213-138-6,145-73-4,247-205-21
image_69_rotated_270.jpeg,246-220-85,205-117-4,239-190-9,221-164-6,250-216-41,157-72-2
image_69_rotated_90.jpeg,228-175-6,249-220-71,213-142-5,247-203-24,196-106-3,156-80-3
image_69_zoom_0.7.jpeg,249-209-34,138-58-3,214-142-7,188-102-6,250-222-89,231-179-6
image_69_zoom_1.7.jpeg,227-171-6,138-63-5,214-136-7,249-215-58,245-197-12,188-98-6
image_70.jpg,150-130-5,182-160-3,227-233-197,176-182-72,209-187-4,122-99-3
image_70_flipped.jpg,175-181-77,178-155-6,108-85-3,231-240-211,208-184-6,142-117-7
image_70_rotated_180.jpg,142-122-4,232-232-189,106-83-2,177-185-72,177-158-6,208-186-7
image_70_rotated_270.jpg,111-86-6,207-185-7,227-235-211,177-156-4,170-175-80,142-117-8
image_70_rotated_90.jpg,207-185-7,95-54-6,132-110-6,225-234-207,174-153-6,169-175-80
image_70_zoom_0.7.jpg,112-85-7,208-185-6,177-155-4,226-233-202,141-117-5,176-179-74
image_70_zoom_1.7.jpg,206-186-6,126-105-3,232-240-215,176-180-68,172-152-5,210-209-142
image_71.jpg,150-84-1,159-122-10,125-68-4,149-117-45,162-102-3,174-127-2
image_71_flipped.jpg,173-127-4,120-60-3,138-114-53,156-123-31,161-107-5,148-87-2
image_71_rotated_180.jpg,145-116-50,145-74-2,171-126-4,110-62-4,158-98-3,157-122-16
image_71_rotated_270.jpg,160-100-3,146-76-2,153-121-43,169-126-6,107-61-4,122-101-45
image_71_rotated_90.jpg,140-114-50,174-128-4,106-73-9,160-114-5,158-125-31,153-90-3
image_71_zoom_0.7.jpg,147-78-3,158-105-5,135-112-51,155-124-38,170-126-5,100-74-10
image_71_zoom_1.7.jpg,173-129-4,147-76-2,148-118-44,156-94-3,164-113-7,114-77-10
image_72.jpg,212-135-4,226-182-88,154-113-33,219-169-58,186-150-69,227-165-18
image_72_flipped.jpg,219-150-12,236-200-97,140-94-24,236-186-57,179-127-29,102-62-8
image_72_rotated_180.jpg,243-204-117,193-130-8,132-92-30,229-159-28,197-167-93,239-196-76
image_72_rotated_270.jpg,216-128-6,227-181-85,160-135-82,227-161-13,224-165-44,200-169-101
image_72_rotated_90.jpg,104-57-9,240-203-102,213-143-13,237-185-55,159-105-22,198-169-97
image_72_zoom_0.7.jpg,212-127-7,224-178-81,100-55-9,140-101-39,226-162-22,182-147-66
image_72_zoom_1.7.jpg,150-112-45,201-161-69,226-162-21,226-180-87,104-63-16,212-127-7
image_73.jpg,184-110-5,195-182-134,199-153-43,198-164-78,194-137-7,188-169-108
image_73_flipped.jpg,213-198-154,210-138-10,192-149-53,229-172-64,206-174-97,214-192-134
image_73_rotated_180.jpg,213-198-155,209-161-49,209-113-4,214-193-134,211-146-12,218-177-87
image_73_rotated_270.jpg,197-160-68,193-135-9,199-181-133,194-168-100,184-108-4,196-150-35
image_73_rotated_90.jpg,214-192-133,210-146-13,212-198-155,217-175-86,207-113-6,202-156-54
image_73_zoom_0.7.jpg,194-136-8,198-167-98,198-159-66,184-110-7,198-182-129,195-146-35
image_73_zoom_1.7.jpg,196-143-11,197-181-136,194-169-101,189-128-5,198-151-39,197-161-68
image_74.jpeg,146-91-22,225-175-111,116-65-8,207-154-88,191-134-61,171-113-38
image_74_flipped.jpeg,185-118-36,134-63-4,196-130-58,96-43-2,160-82-5,181-104-10
image_74_rotated_180.jpeg,160-99-28,228-176-111,88-42-4,209-154-82,122-69-12,188-129-54
image_74_rotated_270.jpeg,160-102-32,225-171-104,189-128-55,122-73-15,211-152-82,232-181-119
image_74_rotated_90.jpeg,157-82-7,193-127-51,130-63-4,184-103-6,184-117-35,171-106-21
image_74_zoom_0.7.jpeg,186-105-8,163-79-4,190-125-49,141-64-6,167-98-12,180-114-31
image_74_zoom_1.7.jpeg,191-127-53,163-82-4,183-104-8,161-94-29,139-64-5,182-116-32
image_75.jpg,207-189-121,189-159-57,137-109-24,219-181-42,192-144-11,215-184-80
image_75_flipped.jpg,153-115-13,219-182-51,207-187-112,194-146-14,104-79-17,189-159-57
image_75_rotated_180.jpg,220-183-51,210-188-112,151-111-6,142-120-50,191-161-62,191-150-19
image_75_rotated_270.jpg,185-136-12,220-184-52,216-191-111,135-104-11,200-160-29,188-158-66
image_75_rotated_90.jpg,187-157-51,141-108-14,210-194-126,190-142-12,220-182-44,212-185-87
image_75_zoom_0.7.jpg,219-181-43,138-104-13,213-184-86,189-142-12,188-158-58,212-194-124
image_75_zoom_1.7.jpg,158-118-12,219-183-51,195-149-16,117-89-17,212-189-111,189-159-61
image_76.png,206-151-5,103-57-4,218-168-46,179-121-1,212-159-68,145-91-4
image_76_flipped.png,244-189-4,251-204-86,167-113-6,211-151-72,246-196-50,253-211-116
image_76_rotated_180.png,215-164-64,197-141-25,211-157-2,171-112-0,191-132-1,217-167-37
image_76_rotated_270.png,132-83-13,213-160-6,212-158-69,195-138-4,219-169-48,175-116-0
image_76_rotated_90.png,247-193-6,215-161-66,139-88-2,251-205-93,189-134-10,249-199-55
image_76_zoom_0.7.png,212-158-68,194-136-5,173-116-0,218-168-46,212-159-6,142-91-2
image_76_zoom_1.7.png,197-141-6,212-157-68,161-105-1,218-168-48,213-160-6,182-125-1
image_77.jpg,208-128-44,230-180-110,184-90-11,195-148-83,143-98-48,229-157-80
image_77_flipped.jpg,212-134-52,217-157-84,123-67-23,163-121-64,189-100-15,233-181-110
image_77_rotated_180.jpg,162-123-64,220-144-66,196-111-22,140-68-18,200-155-94,231-178-105
image_77_rotated_270.jpg,153-64-14,165-124-67,213-134-54,218-158-86,233-181-110,191-104-19
image_77_rotated_90.jpg,230-182-111,156-118-61,208-133-48,229-160-81,184-97-14,198-153-88
image_77_zoom_0.7.jpg,215-157-85,230-180-109,139-66-20,212-135-54,194-104-14,163-121-61
image_77_zoom_1.7.jpg,191-105-14,214-157-87,164-121-61,129-66-21,230-181-110,214-136-55
image_78.jpg,192-155-62,86-74-30,159-129-50,42-35-11,208-176-73,127-108-43
image_78_flipped.jpg,178-145-63,214-188-89,147-121-53,120-98-35,201-165-73,219-183-72
image_78_rotated_180.jpg,213-185-91,178-143-61,140-117-46,210-174-70,221-186-72,195-161-72
image_78_rotated_270.jpg,190-154-62,43-35-11,126-109-44,208-177-73,85-74-32,158-129-53
image_78_rotated_90.jpg,202-164-72,180-144-63,124-100-34,219-183-72,149-122-52,215-188-91
image_78_zoom_0.7.jpg,192-157-66,87-74-30,45-37-12,207-178-79,163-132-53,129-109-43
image_78_zoom_1.7.jpg,176-144-58,107-92-38,71-61-24,206-174-72,138-116-46,41-33-8
image_79.jpg,200-132-48,217-171-89,137-98-43,176-148-89,220-185-116,211-152-67
image_79_flipped.jpg,124-82-23,235-199-118,168-121-43,194-148-72,216-177-102,246-214-150
image_79_rotated_180.jpg,233-199-120,124-87-31,182-132-50,195-172-116,243-211-156,220-165-82
image_79_rotated_270.jpg,185-159-101,217-169-86,205-139-52,92-63-34,219-185-120,144-120-80
image_79_rotated_90.jpg,183-132-48,192-167-115,131-86-26,239-205-128,223-175-90,92-51-12
image_79_zoom_0.7.jpg,216-183-114,182-152-89,218-168-85,207-135-53,159-114-56,115-78-30
image_79_zoom_1.7.jpg,207-134-54,219-167-83,120-73-22,161-115-56,222-186-117,185-157-96
image_80.jpg,217-181-118,161-105-21,252-249-198,251-220-112,233-182-41,251-228-140
image_80_flipped.jpg,250-210-73,159-93-9,250-223-115,221-157-22,244-190-38,221-180-77
image_80_rotated_180.jpg,248-211-89,163-108-15,220-174-73,251-223-117,250-206-59,234-166-23
image_80_rotated_270.jpg,234-172-46,251-246-195,248-225-138,192-131-17,249-204-73,249-214-108
image_80_rotated_90.jpg,251-222-121,229-191-96,237-187-43,192-144-52,249-215-98,250-211-68
image_80_zoom_0.7.jpg,250-248-198,227-174-40,251-221-119,160-108-31,249-228-145,241-196-87
image_80_zoom_1.7.jpg,247-229-153,228-176-41,251-223-123,241-198-93,163-111-31,251-249-199
image_80_zoom_0.7.jpg,250-248-198,227-174-40,251-221-119,160-108-31,249-228-145,241-196-87
image_80_zoom_1.7.jpg,247-229-153,228-176-41,251-223-123,241-198-93,163-111-31,251-249-199
